Addison Illinois,1445 W Lake St.,Addison IL 60101,(630) 953-4961,Manager Name,C:\\Pics\\gym-manager.jpg,Trainer Name,C:\\Pics\\gym-Trainer.jpg
Naperville Illinois,1163 E Ogden Ave, Naperville IL 60563,630-416-7200,Manager Name,C:\\Pics\\gym-manager.jpg,Trainer Name,C:\\Pics\\gym-Trainer.jpg
HorseHeads Illinois?,???,HorseHeads Il ???, ???-???-????,Manager Name,C:\\Pics\\gym-manager.jpg,Trainer Name,C:\\Pics\\gym-Trainer.jpg
Sheboygan Wisconsin,549 S Taylor Dr,Sheboygan Wi 53081,920-803-8888,Manager Name,C:\\Pics\\gym-manager.jpg,Trainer Name,C:\\Pics\\gym-Trainer.jpg
Franklin Milwaukee Wisconsin,???,HorseHeads Il ???, ???-???-????,Manager Name,C:\\Pics\\gym-manager.jpg,Trainer Name,C:\\Pics\\gym-Trainer.jpg
West Bend Wisconsin,???,HorseHeads Il ???, ???-???-????,Manager Name,C:\\Pics\\gym-manager.jpg,Trainer Name,C:\\Pics\\gym-Trainer.jpg
Champaign Illinois,???,HorseHeads Il ???, ???-???-????,Manager Name,C:\\Pics\\gym-manager.jpg,Trainer Name,C:\\Pics\\gym-Trainer.jpg
Madison West Broadway Wisconsin,???,HorseHeads Il ???, ???-???-????,Manager Name,C:\\Pics\\gym-manager.jpg,Trainer Name,C:\\Pics\\gym-Trainer.jpg
Fond du Lac Wisconsin,???,HorseHeads Il ???, ???-???-????,Manager Name,C:\\Pics\\gym-manager.jpg,Trainer Name,C:\\Pics\\gym-Trainer.jpg
Rockford Illinois,???,HorseHeads Il ???, ???-???-????,Manager Name,C:\\Pics\\gym-manager.jpg,Trainer Name,C:\\Pics\\gym-Trainer.jpg
Madison Mineral Point Wisconsin,???,HorseHeads Il ???, ???-???-????,Manager Name,C:\\Pics\\gym-manager.jpg,Trainer Name,C:\\Pics\\gym-Trainer.jpg
Loves Park Illinois,???,HorseHeads Il ???, ???-???-????,Manager Name,C:\\Pics\\gym-manager.jpg,Trainer Name,C:\\Pics\\gym-Trainer.jpg
East Peoria Illinois,???,HorseHeads Il ???, ???-???-????,Manager Name,C:\\Pics\\gym-manager.jpg,Trainer Name,C:\\Pics\\gym-Trainer.jpg
Eau Claire Wisconsin,???,HorseHeads Il ???, ???-???-????,Manager Name,C:\\Pics\\gym-manager.jpg,Trainer Name,C:\\Pics\\gym-Trainer.jpg
South Milwaukee Wisconsin,???,HorseHeads Il ???, ???-???-????,Manager Name,C:\\Pics\\gym-manager.jpg,Trainer Name,C:\\Pics\\gym-Trainer.jpg
Milwaukee East Capitol Wisconsin,???,HorseHeads Il ???, ???-???-????,Manager Name,C:\\Pics\\gym-manager.jpg,Trainer Name,C:\\Pics\\gym-Trainer.jpg
Springfield Wabash Ave Illinois,???,HorseHeads Il ???, ???-???-????,Manager Name,C:\\Pics\\gym-manager.jpg,Trainer Name,C:\\Pics\\gym-Trainer.jpg
Peoria Illinois,???,HorseHeads Il ???, ???-???-????,Manager Name,C:\\Pics\\gym-manager.jpg,Trainer Name,C:\\Pics\\gym-Trainer.jpg
Manitowoc Wisconsin,???,HorseHeads Il ???, ???-???-????,Manager Name,C:\\Pics\\gym-manager.jpg,Trainer Name,C:\\Pics\\gym-Trainer.jpg
Oconomowoc Wisconsin,???,HorseHeads Il ???, ???-???-????,Manager Name,C:\\Pics\\gym-manager.jpg,Trainer Name,C:\\Pics\\gym-Trainer.jpg
Appleton Wisconsin,???,HorseHeads Il ???, ???-???-????,Manager Name,C:\\Pics\\gym-manager.jpg,Trainer Name,C:\\Pics\\gym-Trainer.jpg
East Appleton Wisconsin,???,HorseHeads Il ???, ???-???-????,Manager Name,C:\\Pics\\gym-manager.jpg,Trainer Name,C:\\Pics\\gym-Trainer.jpg
Brookfield Wisconsin,???,HorseHeads Il ???, ???-???-????,Manager Name,C:\\Pics\\gym-manager.jpg,Trainer Name,C:\\Pics\\gym-Trainer.jpg
Green Bay West Wisconsin,???,HorseHeads Il ???, ???-???-????,Manager Name,C:\\Pics\\gym-manager.jpg,Trainer Name,C:\\Pics\\gym-Trainer.jpg
Milwaukee Midtown Wisconsin,???,HorseHeads Il ???, ???-???-????,Manager Name,C:\\Pics\\gym-manager.jpg,Trainer Name,C:\\Pics\\gym-Trainer.jpg
Roths Child Wisconsin,???,HorseHeads Il ???, ???-???-????,Manager Name,C:\\Pics\\gym-manager.jpg,Trainer Name,C:\\Pics\\gym-Trainer.jpg
Oshkosh Wisconsin,???,HorseHeads Il ???, ???-???-????,Manager Name,C:\\Pics\\gym-manager.jpg,Trainer Name,C:\\Pics\\gym-Trainer.jpg
Green Bay East Wisconsin,???,HorseHeads Il ???, ???-???-????,Manager Name,C:\\Pics\\gym-manager.jpg,Trainer Name,C:\\Pics\\gym-Trainer.jpg
Milwaukee Downtown Wisconsin,???,HorseHeads Il ???, ???-???-????,Manager Name,C:\\Pics\\gym-manager.jpg,Trainer Name,C:\\Pics\\gym-Trainer.jpg
Janesville Wisconsin,???,HorseHeads Il ???, ???-???-????,Manager Name,C:\\Pics\\gym-manager.jpg,Trainer Name,C:\\Pics\\gym-Trainer.jpg
Menomonee Falls Wisconsin,???,HorseHeads Il ???, ???-???-????,Manager Name,C:\\Pics\\gym-manager.jpg,Trainer Name,C:\\Pics\\gym-Trainer.jpg
Beloit Wisconsin,???,HorseHeads Il ???, ???-???-????,Manager Name,C:\\Pics\\gym-manager.jpg,Trainer Name,C:\\Pics\\gym-Trainer.jpg